<?xml version="1.0" encoding="UTF-8"?>
<!DOCTYPE mapper PUBLIC "-//mybatis.org//DTD Mapper 3.0//EN" "http://mybatis.org/dtd/mybatis-3-mapper.dtd">
<mapper namespace="generate.AllBarUmapClusterDao">
  <resultMap id="BaseResultMap" type="com.lcq.cell.pojo.AllBarUmapCluster">
    <result column="barcode" jdbcType="VARCHAR" property="barcode" />
    <result column="UMAP_1" jdbcType="VARCHAR" property="umap1" />
    <result column="UMAP_2" jdbcType="VARCHAR" property="umap2" />
    <result column="clusters1" jdbcType="VARCHAR" property="clusters1" />
    <result column="clusters2" jdbcType="VARCHAR" property="clusters2" />
  </resultMap>
  <insert id="insert" parameterType="com.lcq.cell.pojo.AllBarUmapCluster">
    insert into all_bar_umap_cluster (barcode, UMAP_1, UMAP_2, 
      clusters1, clusters2)
    values (#{barcode,jdbcType=VARCHAR}, #{umap1,jdbcType=VARCHAR}, #{umap2,jdbcType=VARCHAR}, 
      #{clusters1,jdbcType=VARCHAR}, #{clusters2,jdbcType=VARCHAR})
  </insert>
  <insert id="insertSelective" parameterType="com.lcq.cell.pojo.AllBarUmapCluster">
    insert into all_bar_umap_cluster
    <trim prefix="(" suffix=")" suffixOverrides=",">
      <if test="barcode != null">
        barcode,
      </if>
      <if test="umap1 != null">
        UMAP_1,
      </if>
      <if test="umap2 != null">
        UMAP_2,
      </if>
      <if test="clusters1 != null">
        clusters1,
      </if>
      <if test="clusters2 != null">
        clusters2,
      </if>
    </trim>
    <trim prefix="values (" suffix=")" suffixOverrides=",">
      <if test="barcode != null">
        #{barcode,jdbcType=VARCHAR},
      </if>
      <if test="umap1 != null">
        #{umap1,jdbcType=VARCHAR},
      </if>
      <if test="umap2 != null">
        #{umap2,jdbcType=VARCHAR},
      </if>
      <if test="clusters1 != null">
        #{clusters1,jdbcType=VARCHAR},
      </if>
      <if test="clusters2 != null">
        #{clusters2,jdbcType=VARCHAR},
      </if>
    </trim>
  </insert>
</mapper>